timestamp,format,modelId,label,modelLoadMs,ttftMs,decodeTokensPerSecond,prefillTokensPerSecond,promptTokenCount,tokenCount,stopReason,peakMemoryBytes,thermalStateBefore,thermalStateAfter,batteryLevelBefore,batteryLevelAfter,generatedText
2026-07-21T14:06:20.194047,mlx,/var/mobile/Containers/Data/Application/9C7792C5-52C5-4D5B-B03B-6CD74C64ABFF/Library/Application Support/Models/mlx/Bbson_gemma-3-4B-T1-it-MLX-4bit,session-cold,0,1666,24.217687074829932,,,89,completed,1851686912,nominal,nominal,75,75,台灣夜市文化是一個充滿活力的社會現象，通常在傍晚時分開始，一直持續到深夜，吸引了大量的人潮。夜市不僅是品嚐美食的地方，更是體驗台灣生活的最佳場所，從遊戲攤位到小吃攤位，應有盡有。夜市小吃種類繁多，其中臭豆腐、蚵仔煎和珍珠奶茶是最受歡迎的三樣必吃美食。
2026-07-21T14:06:30.644124,mlx,/var/mobile/Containers/Data/Application/9C7792C5-52C5-4D5B-B03B-6CD74C64ABFF/Library/Application Support/Models/mlx/Bbson_gemma-3-4B-T1-it-MLX-4bit,sustained-t0ms-1,0,318,24.2998352553542,,,118,completed,1842905088,nominal,nominal,75,75,台灣夜市文化是當地生活的重要部分，充滿著熱鬧的氛圍與多樣的美食選擇。夜市不僅是享受美食的地方，也是人們交流、聚會的重要場所。來到夜市，千萬別錯過以下三樣經典小吃：第一是蚵仔煎，這道菜以新鮮蚵仔和蛋液製成，口感滑嫩；第二是臭豆腐，這是一道風味獨特的小吃，外酥內嫩；第三是珍珠奶茶，這款飲品是台灣的代表之一，口感Q彈。
2026-07-21T14:06:35.920120,mlx,/var/mobile/Containers/Data/Application/9C7792C5-52C5-4D5B-B03B-6CD74C64ABFF/Library/Application Support/Models/mlx/Bbson_gemma-3-4B-T1-it-MLX-4bit,sustained-t5181ms-2,0,310,24.174053182917,,,120,completed,1844035584,nominal,nominal,75,75,台灣夜市文化是庶民生活的縮影，結合美食、娛樂與社交，展現了在地的生命力。夜市裡充滿五花八門的特色攤販，讓人能品嚐各式各樣的美味小吃。以下是三樣必吃小吃：第一，蚵仔煎——新鮮蚵仔搭配蛋液，口感滑嫩；第二，鹽酥雞——香酥脆口，是夜市的經典炸物；第三，珍珠奶茶——Q彈的珍珠搭配香濃奶茶，是台灣的代表性飲品。
2026-07-21T14:06:46.712017,mlx,/var/mobile/Containers/Data/Application/9C7792C5-52C5-4D5B-B03B-6CD74C64ABFF/Library/Application Support/Models/mlx/Bbson_gemma-3-4B-T1-it-MLX-4bit,sustained-t10457ms-3,0,309,23.759541984732824,,,249,completed,1844609024,nominal,nominal,75,75,"台灣夜市文化是當代台灣最具代表性的庶民生活景觀，從北到南的每個夜市都散發著獨特的在地魅力。夜市不僅是填飽肚子的美食天堂，更是人們消磨時間、享受熱鬧氛圍的社交場所。

以下是三樣不容錯過的經典小吃：
1. ** 蚵仔煎 **：新鮮蚵仔混合蛋液與地瓜粉漿煎成金黃酥脆的煎餅，淋上特調醬汁，口感層次豐富。
2. ** 大腸包小腸 **：炭火直烤的糯米腸剖開夾入香腸，搭配蒜片、酸菜與特製醬料，鹹甜交織的絕妙滋味。
3. ** 珍珠奶茶 **：台灣原創的國民飲品，Q 彈粉圓搭配香濃奶茶，冷熱皆宜的療癒系甜品。

從士林夜市的豪大大雞排到台南花園夜市的棺材板，每個夜市都有其招牌美食，展現台灣多元的飲食文化與濃厚的人情味。"
2026-07-21T14:06:54.605106,mlx,/var/mobile/Containers/Data/Application/9C7792C5-52C5-4D5B-B03B-6CD74C64ABFF/Library/Application Support/Models/mlx/Bbson_gemma-3-4B-T1-it-MLX-4bit,sustained-t21249ms-4,0,357,23.629364131156244,,,178,completed,1845051392,nominal,nominal,75,75,"台灣夜市文化融合了美食、娛樂與社交，是當地居民與旅客體驗在地生活的重要場所。逛夜市不僅能品嚐道地小吃，還能享受熱鬧的氛圍。以下是三樣必吃的夜市小吃： 
1. ** 蚵仔煎 **：以鮮蚵、蛋液和粉漿煎製，口感Q彈、醬汁鹹甜，是台灣最具代表性的小吃之一。 
2. ** 鹽酥雞 **：將雞肉裹粉油炸，外酥內嫩，搭配九層塔香氣，是宵夜首選。 
3. ** 大腸包小腸 **：炭烤糯米腸夾入台式香腸，搭配蒜片、酸菜，口感層次豐富，被譽為「台式熱狗」。"
2026-07-21T14:07:01.416506,mlx,/var/mobile/Containers/Data/Application/9C7792C5-52C5-4D5B-B03B-6CD74C64ABFF/Library/Application Support/Models/mlx/Bbson_gemma-3-4B-T1-it-MLX-4bit,sustained-t29142ms-5,0,455,23.138674641901464,,,147,completed,1845248000,nominal,nominal,75,75,"台灣夜市文化是庶民生活與飲食文化的縮影，從日治時期的小吃攤聚集逐漸發展成獨特的夜間市集文化，不僅是台灣人日常消遣的重要場所，更是國際觀光客體驗在地風情的必訪景點。

以下是三樣不能錯過的經典夜市小吃：

1.  **蚵仔煎 (Ō-ā-jiān)**
2.  **珍珠奶茶 (Zhēnzhū nǎichá)**
3.  **臭豆腐 (Chòu dòufu)**

這三樣小吃不僅是台灣夜市的代表性美食，更承載了台灣的歷史記憶與飲食特色。"
2026-07-21T14:07:06.034481,mlx,/var/mobile/Containers/Data/Application/9C7792C5-52C5-4D5B-B03B-6CD74C64ABFF/Library/Application Support/Models/mlx/Bbson_gemma-3-4B-T1-it-MLX-4bit,sustained-t35953ms-6,0,379,22.185508614585792,,,94,completed,1845575680,nominal,nominal,75,75,台灣夜市文化是獨特且充滿活力的社交場域，不僅提供多樣化的小吃選擇，還能讓人感受到濃厚的人情味。其中必吃的夜市小吃包括臭豆腐，其獨特的氣味和口感令人難忘；蚵仔煎則是融合海鮮與蛋香的經典美味；最後不能錯過珍珠奶茶，這款飲品在夜市中更是人手一杯的熱門選擇。
2026-07-21T14:07:11.336715,mlx,/var/mobile/Containers/Data/Application/9C7792C5-52C5-4D5B-B03B-6CD74C64ABFF/Library/Application Support/Models/mlx/Bbson_gemma-3-4B-T1-it-MLX-4bit,sustained-t40571ms-7,0,367,21.082505574700996,,,104,completed,1845739520,nominal,nominal,75,75,台灣夜市文化以豐富多樣的美食、熱鬧的氛圍和親切的人情味聞名，是當地居民與遊客體驗在地生活的重要場域。在夜市中，你可以品嚐到各式經典小吃，例如鹹香酥脆的鹽酥雞、外皮Q彈的蚵仔煎，以及香甜濃郁的珍珠奶茶。這三樣小吃不僅是夜市的代表，更展現了台灣飲食文化的獨特魅力。
2026-07-21T14:07:31.526714,mlx,/var/mobile/Containers/Data/Application/9C7792C5-52C5-4D5B-B03B-6CD74C64ABFF/Library/Application Support/Models/mlx/Bbson_gemma-3-4B-T1-it-MLX-4bit,sustained-t45874ms-8,0,370,18.014835747085836,,,357,completed,1846116352,nominal,fair,75,75,"### 台灣夜市文化：越夜越美麗的庶民饗宴

台灣夜市是體驗在地生活與飲食文化最直接的地方，從日治時期流傳至今，早已發展成全台各地夜晚最璀璨的風景線。 這裡不僅是填飽肚子的美食天堂，更是充滿人情味、展現庶民活力的社交場域，從北到南，各有獨特的魅力與特色。

#### 必吃三樣小吃推薦

*   **蚵仔煎：** 作為台灣最具代表性的小吃之一，新鮮肥美的蚵仔裹上番薯粉漿，與雞蛋、青菜一同在鐵板上煎得滋滋作響，起鍋後淋上特製的甜辣醬汁，口感Q彈、味道鮮美，是許多國內外饕客的必嚐美味。

*   **鹽酥雞：** 這是一道將雞肉切塊後，裹上特調炸粉，下鍋油炸至外酥內嫩的國民美食。除了雞肉，攤位上通常還有甜不辣、米血糕、四季豆等各式炸物可供選擇，起鍋後灑上胡椒鹽和辣椒粉，香氣逼人，是逛夜市時人手一塊的宵夜首選。

*   **珍珠奶茶：** 發源於台灣的珍珠奶茶，已經風靡全球。香醇的奶茶搭配Q彈有嚼勁的粉圓，每一口都是滿滿的幸福感。在夜市裡人手一杯，邊走邊喝，清涼又解渴，是台灣最具國際知名度的飲品之一。"
2026-07-21T14:07:38.245072,mlx,/var/mobile/Containers/Data/Application/9C7792C5-52C5-4D5B-B03B-6CD74C64ABFF/Library/Application Support/Models/mlx/Bbson_gemma-3-4B-T1-it-MLX-4bit,sustained-t66064ms-9,0,495,14.788619193055778,,,92,completed,1846394880,fair,fair,75,75,台灣夜市文化充滿活力，攤販熙攘叫賣聲與人群交織成獨特風景，展現庶民生活緊密連結。必嘗小吃包括外酥內嫩的蚵仔煎、醬香濃郁的滷肉飯、以及每日限量現炸的酥脆臭豆腐。這些平民美食不僅承載代代相傳技藝，更成為國際旅客認識台灣的味覺門票。
2026-07-21T14:07:48.501868,mlx,/var/mobile/Containers/Data/Application/9C7792C5-52C5-4D5B-B03B-6CD74C64ABFF/Library/Application Support/Models/mlx/Bbson_gemma-3-4B-T1-it-MLX-4bit,sustained-t72782ms-10,0,533,13.786008230452675,,,134,completed,1846525952,fair,fair,75,75,"台灣的夜市文化是庶民生活的縮影，充滿了琳瑯滿目的美食與歡樂的人情味。

以下是三樣必吃的經典夜市小吃：

1.  **鹽酥雞**：將各種食材炸得金黃酥脆，是台灣最受歡迎的國民小吃之一。
2.  **蚵仔煎**：新鮮的蚵仔加上蔬菜，再淋上特製的甜辣醬，口感層次豐富。
3.  **珍珠奶茶**：Q彈的珍珠搭配香濃的奶茶，是風靡全球的台灣代表性飲品。"
2026-07-21T14:07:54.957513,mlx,/var/mobile/Containers/Data/Application/9C7792C5-52C5-4D5B-B03B-6CD74C64ABFF/Library/Application Support/Models/mlx/Bbson_gemma-3-4B-T1-it-MLX-4bit,sustained-t83040ms-11,0,547,13.88888888888889,,,82,completed,1846820864,fair,fair,75,75,台灣夜市文化是當地生活的重要組成部分，結合了美食、娛樂和社交，成為人們放鬆休閒的好去處。夜市通常從傍晚開始營業，一直熱鬧到深夜，吸引了各個年齡層的顧客。來台灣夜市，千萬別錯過蚵仔煎、珍珠奶茶和臭豆腐，它們都是不可錯過的經典美味。
2026-07-21T14:08:06.846095,mlx,/var/mobile/Containers/Data/Application/9C7792C5-52C5-4D5B-B03B-6CD74C64ABFF/Library/Application Support/Models/mlx/Bbson_gemma-3-4B-T1-it-MLX-4bit,sustained-t89495ms-12,0,559,13.950203072576372,,,158,completed,1846788096,fair,fair,75,75,台灣夜市文化充滿活力與熱鬧，是當地居民和遊客享受美食、購物和娛樂的絕佳場所。夜市通常營業至深夜，提供多樣化的小吃選擇，從傳統美食到創新料理應有盡有。以下是三樣不容錯過的台灣夜市必吃小吃：1. 蚵仔煎，這是一道以鮮蚵、雞蛋和蔬菜製成的煎餅，外酥內軟；2. 鹽酥雞，炸得酥脆的雞肉塊，搭配九層塔和胡椒鹽，風味十足；3. 珍珠奶茶，這款風靡全球的飲品在夜市中隨處可見，口感Q彈，香濃滑順。
2026-07-21T14:08:18.368488,mlx,/var/mobile/Containers/Data/Application/9C7792C5-52C5-4D5B-B03B-6CD74C64ABFF/Library/Application Support/Models/mlx/Bbson_gemma-3-4B-T1-it-MLX-4bit,sustained-t101385ms-13,0,540,14.302632777625945,,,157,completed,1847164928,fair,fair,75,75,"台灣夜市文化充滿活力且多元，從街頭巷尾小攤販到各式美食攤位，展現了豐富的地方特色。夜市不僅是品嚐美食的場所，也是人們交流情感、享受熱鬧氛圍的空間。

以下是三樣必吃小吃：
1. 鹽酥雞：外酥內嫩，香氣四溢，是夜市中最受歡迎的經典小吃之一。
2. 蚵仔煎：用新鮮蚵仔搭配蛋液和太白粉漿煎製而成，口感滑嫩鮮甜。
3. 大腸包小腸：臺灣特色美食，糯米腸包裹著炭烤香腸，搭配蒜泥、醬料等增添風味。"
2026-07-21T14:08:31.428844,mlx,/var/mobile/Containers/Data/Application/9C7792C5-52C5-4D5B-B03B-6CD74C64ABFF/Library/Application Support/Models/mlx/Bbson_gemma-3-4B-T1-it-MLX-4bit,sustained-t112906ms-14,0,546,14.547198465350492,,,182,completed,1847296000,fair,fair,75,75,"台灣夜市文化是庶民生活的縮影，融合飲食、購物與娛樂，展現濃厚人情味。夜市小吃琳瑯滿目，其中必嘗的經典美味包括： 
1. ** 大腸包小腸 **：炭烤糯米腸包裹台式香腸，搭配蒜片與醬料，口感層次豐富 
2. ** 蚵仔煎 **：新鮮蚵仔與蛋液、青菜煎至焦脆，淋上甜辣醬，是海島風味代表 
3. ** 珍珠奶茶 **：Q 彈粉圓搭配奶茶的黃金組合，風靡各國的台灣之光 

這三樣小吃不僅是味覺饗宴，更承載著在地飲食記憶與文化脈絡，成為台灣夜市不可或缺的靈魂角色。"
2026-07-21T14:08:40.029850,mlx,/var/mobile/Containers/Data/Application/9C7792C5-52C5-4D5B-B03B-6CD74C64ABFF/Library/Application Support/Models/mlx/Bbson_gemma-3-4B-T1-it-MLX-4bit,sustained-t125966ms-15,0,542,14.649286157666046,,,118,completed,1847656448,fair,fair,75,75,臺灣夜市文化是庶民生活與飲食文化的縮影，在夜晚的燈火下，人聲鼎沸、香氣四溢，展現了濃厚的在地生命力。夜市不僅是美食的天堂，更是充滿人情味的社交場所，讓人們在輕鬆自在的氛圍中享受美食與歡樂。來到夜市，千萬不能錯過地道的小吃，其中最經典的必吃美食包括：蚵仔煎、臭豆腐、雞排，每一道都讓人垂涎欲滴，令人回味無窮。
2026-07-21T14:08:45.585368,mlx,/var/mobile/Containers/Data/Application/9C7792C5-52C5-4D5B-B03B-6CD74C64ABFF/Library/Application Support/Models/mlx/Bbson_gemma-3-4B-T1-it-MLX-4bit,sustained-t134568ms-16,0,547,14.585414585414586,,,73,completed,1847771136,fair,fair,75,75,台灣夜市文化充滿活力，是當地人與遊客夜晚休閒的重要去處。夜市不僅有各式各樣的美食，還有許多遊戲攤位和特色商品，讓人流連忘返。來到夜市，千萬別錯過臭豆腐、蚵仔煎和珍珠奶茶，這些經典小吃絕對值得一試！
2026-07-21T14:09:01.167130,mlx,/var/mobile/Containers/Data/Application/9C7792C5-52C5-4D5B-B03B-6CD74C64ABFF/Library/Application Support/Models/mlx/Bbson_gemma-3-4B-T1-it-MLX-4bit,sustained-t140123ms-17,0,539,14.362657091561939,,,216,completed,1847836672,fair,fair,75,75,"台灣的夜市文化以其熱鬧非凡的氛圍和多樣的美食選擇而聞名，是當地居民和遊客體驗地方生活的重要場所。夜市不僅是品嚐地道小吃的絕佳地點，還充滿了各種娛樂活動和購物選擇。在夜市，你可以感受到台灣獨特的飲食文化，並享受到各種美味佳餚。

三樣必吃的台灣夜市小吃包括：1. 蚵仔煎——這是一道以新鮮蚵仔、雞蛋和地瓜粉製成的美味煎餅，搭配特製甜辣醬，口感滑嫩且充滿海味；2. 鹽酥雞——這是一種將雞肉切成小塊後炸至金黃酥脆的夜市經典，通常會撒上胡椒鹽和九層塔提味；3. 珍珠奶茶——作為台灣最具代表性的飲品之一，香濃的奶茶搭配Q彈的珍珠，是逛夜市時不可錯過的解渴良品。"
2026-07-21T14:09:18.866781,mlx,/var/mobile/Containers/Data/Application/9C7792C5-52C5-4D5B-B03B-6CD74C64ABFF/Library/Application Support/Models/mlx/Bbson_gemma-3-4B-T1-it-MLX-4bit,sustained-t155705ms-18,0,546,13.994169096209914,,,240,completed,1848164352,fair,fair,75,75,"台灣夜市文化是庶民生活的縮影，夜晚的街道擠滿了人潮與美食香氣，展現了濃厚的人情味與在地特色。逛夜市不僅是品嚐小吃，更是一種充滿互動與歡樂的社交活動，無論是家庭聚會、朋友相約，都能在熱鬧的氛圍中放鬆身心。

以下推薦三樣不容錯過的經典小吃： 
1. **蚵仔煎 **：新鮮蚵仔裹上番薯粉漿，加入雞蛋與青菜煎至外酥內嫩，淋上特調醬汁，是台灣最具代表性的夜市美食之一。 
2. **鹽酥雞 **：將雞肉切塊後炸至金黃酥脆，起鍋後灑上胡椒鹽與九層塔，香氣逼人，是宵夜或點心的絕佳選擇。 
3. **珍珠奶茶 **：Q 彈的粉圓沉在香濃奶茶中，這款源自台灣的飲品風靡全球，人手一杯的經典滋味不可不嚐。"
2026-07-21T14:09:30.692387,mlx,/var/mobile/Containers/Data/Application/9C7792C5-52C5-4D5B-B03B-6CD74C64ABFF/Library/Application Support/Models/mlx/Bbson_gemma-3-4B-T1-it-MLX-4bit,sustained-t173405ms-19,0,538,14.091996809359214,,,159,completed,1848328192,fair,fair,75,75,"台灣夜市文化是庶民生活的重要一環,結合美食、娛樂與社交功能。夜晚的街道擠滿各式攤販,燈火通明中飄來陣陣香氣。這裡是體驗台灣人情味的最佳場所。

必吃小吃推薦:
1. **蚵仔煎** - 用番薯粉漿與新鮮蚵仔煎製,外酥內嫩,淋上特調醬汁是經典組合
2. **鹽酥雞** - 台灣國民宵夜,將雞肉裹粉油炸至金黃,搭配九層塔香氣更誘人
3. **珍珠奶茶** - 從台灣紅遍全球的國民飲品,Q彈粉圓搭配香濃奶茶是必試風味"
2026-07-21T14:09:46.801129,mlx,/var/mobile/Containers/Data/Application/9C7792C5-52C5-4D5B-B03B-6CD74C64ABFF/Library/Application Support/Models/mlx/Bbson_gemma-3-4B-T1-it-MLX-4bit,sustained-t185233ms-20,0,548,14.01658843952935,,,218,completed,1848442880,fair,fair,75,75,"台灣的夜市文化是當地生活的重要部分，夜晚的街道上擠滿了各式攤販和小吃攤，熱鬧的氣氛吸引著大批遊客和本地人。夜市不僅是品嚐美食的天堂，也是體驗地方文化和享受社交活動的場所。來到夜市，千萬別錯過以下三樣經典小吃：

1. **鹽酥雞**：炸得酥脆的鹽酥雞是夜市的招牌美食之一，外皮酥脆、內裡多汁，通常搭配九層塔和蒜末增添風味。
2. **蚵仔煎**：這道經典的台灣小吃由鮮嫩的蚵仔、雞蛋和地瓜粉漿製成，搭配特製甜辣醬，口感滑嫩且富有海味。
3. **珍珠奶茶**：作為台灣的代表性飲品，珍珠奶茶以香濃的奶茶和Q彈的珍珠為特色，無論是冷飲還是熱飲都深受喜愛。"
2026-07-21T14:09:52.593116,mlx,/var/mobile/Containers/Data/Application/9C7792C5-52C5-4D5B-B03B-6CD74C64ABFF/Library/Application Support/Models/mlx/Bbson_gemma-3-4B-T1-it-MLX-4bit,sustained-t201338ms-21,0,538,13.902113883069891,,,73,completed,1848082432,fair,fair,75,75,台灣夜市文化是一個充滿活力的社交場域，融合了美食、娛樂與在地生活方式。夜市通常在傍晚開始營業，吸引大量人潮，成為居民與遊客夜晚休閒的去處。必吃小吃包括蚵仔煎、臭豆腐和珍珠奶茶，它們各具特色且深受喜愛。
2026-07-21T14:10:07.111308,mlx,/var/mobile/Containers/Data/Application/9C7792C5-52C5-4D5B-B03B-6CD74C64ABFF/Library/Application Support/Models/mlx/Bbson_gemma-3-4B-T1-it-MLX-4bit,sustained-t207131ms-22,0,549,13.963480128893663,,,195,completed,1849638912,fair,fair,75,75,"台灣夜市文化充滿活力與人情味，是體驗在地生活與美食的重要場域。夜市不僅提供多樣化的平價美食，還結合了購物與娛樂活動，成為民眾日常休閒的熱門去處。

以下是三樣來到台灣夜市不容錯過的經典小吃：
1. ** 蚵仔煎 **：以鮮蚵、雞蛋與粉漿煎製，外酥內嫩，搭配特調醬汁，是台灣最具代表性的夜市美食之一。
2. ** 鹽酥雞 **：將雞肉切塊後醃漬油炸，外皮酥脆、肉質多汁，常搭配炸九層塔與蒜片，香氣逼人。
3. ** 珍珠奶茶 **：台灣原創的國民飲品，Q 彈的粉圓搭配香濃奶茶，風靡全球的台灣之光。"
2026-07-21T14:10:28.445186,mlx,/var/mobile/Containers/Data/Application/9C7792C5-52C5-4D5B-B03B-6CD74C64ABFF/Library/Application Support/Models/mlx/Bbson_gemma-3-4B-T1-it-MLX-4bit,sustained-t221648ms-23,0,547,13.904926866820633,,,289,completed,1849917440,fair,fair,75,75,"台灣的夜市文化是獨具魅力的庶民生活縮影，不僅是品嚐美食的天堂，更是體驗在地人情與活力的最佳場所。 夜市裡人聲鼎沸、香氣四溢，攤販與顧客間熱絡的互動充滿了濃濃的人情味。

以下推薦三樣不容錯過的經典夜市小吃：

*   **蚵仔煎**：這道小吃完美展現了台灣的海島特色，新鮮肥美的蚵仔裹上番薯粉漿，與雞蛋、青菜一同煎至外皮酥脆、內裡軟Q，最後淋上特製的甜辣醬汁，口感層次豐富。
*   **鹽酥雞**：將雞肉切塊後醃漬入味，裹上麵衣炸至金黃酥脆，起鍋後再撒上椒鹽和辣椒粉。除了雞肉，通常還有甜不辣、米血、四季豆等各式炸物可供選擇，是宵夜或點心的絕佳選擇。
*   **珍珠奶茶**：享譽國際的台灣之光，香醇的奶茶搭配Q彈有嚼勁的黑色粉圓，創造出獨一無二的口感。 在夜市逛累了，來一杯冰涼的珍珠奶茶，消暑又解渴。"
2026-07-21T14:10:36.093523,mlx,/var/mobile/Containers/Data/Application/9C7792C5-52C5-4D5B-B03B-6CD74C64ABFF/Library/Application Support/Models/mlx/Bbson_gemma-3-4B-T1-it-MLX-4bit,sustained-t242983ms-24,0,551,14.098406880022557,,,100,completed,1849737216,fair,fair,75,75,台灣夜市是體驗在地生活與美食文化的重要場域，充滿活力的市集不僅是居民日常覓食的去處，更是觀光客深入了解台灣庶民生活的重要窗口。 來到夜市，千萬不能錯過「豪大大雞排」的香酥多汁、「珍珠奶茶」的香甜Q彈，以及「臭豆腐」獨特的發酵風味，這三樣小吃最能體現台灣夜市的經典魅力。
2026-07-21T14:10:51.991148,mlx,/var/mobile/Containers/Data/Application/9C7792C5-52C5-4D5B-B03B-6CD74C64ABFF/Library/Application Support/Models/mlx/Bbson_gemma-3-4B-T1-it-MLX-4bit,sustained-t250631ms-25,0,549,14.011078527207559,,,215,completed,1849851904,fair,fair,75,75,"台灣的夜市文化是庶民生活的縮影，充滿人情味與煙火氣息，不僅是美食天堂，更是在地人與遊客體驗在地生活的重要場所。 說到夜市，絕對不能錯過以下三樣經典小吃： 

*   **鹽酥雞：** 將雞肉切塊後醃製、裹粉油炸，起鍋後灑上胡椒鹽，是台灣夜市最具代表性的國民美食之一，香氣逼人，讓人難以抗拒。 
*   **蚵仔煎：** 這道料理是將新鮮的蚵仔（牡蠣）裹上番薯粉漿，加入雞蛋和青菜煎製而成，口感Q彈，醬汁更是美味的關鍵。 
*   **珍珠奶茶：** 發源於台灣的珍珠奶茶，早已風靡全球，在夜市中人手一杯是最常見的景象，香濃的奶茶搭配Q彈的珍珠，是絕佳的組合。"
2026-07-21T14:11:12.386285,mlx,/var/mobile/Containers/Data/Application/9C7792C5-52C5-4D5B-B03B-6CD74C64ABFF/Library/Application Support/Models/mlx/Bbson_gemma-3-4B-T1-it-MLX-4bit,sustained-t266530ms-26,0,562,13.91900751424681,,,276,completed,1850064896,fair,fair,75,75,"台灣夜市文化是庶民生活的縮影，在燈火通明的夜晚聚集人潮，不僅填飽肚腹，更是體驗在地人情與活力的最佳場所。 台灣夜市的起源可追溯至清朝，由廟會周邊的攤販聚集逐漸演變而成，如今已發展出數百個知名夜市，成為國內外旅客的必訪景點。

來到夜市，千萬不能錯過這三樣經典的台灣味：
*   **臭豆腐**：這是一道讓人又愛又恨的特色小吃，經過發酵的豆腐炸至外酥內嫩，搭配酸甜的泡菜和特製醬料，風味獨特，是許多老饕的最愛。
*   **蚵仔煎**：新鮮肥美的蚵仔，裹上地瓜粉漿與雞蛋一同煎製，起鍋前淋上甜辣醬汁，口感Q彈、滋味鮮美，完美展現了台灣的海島風味。
*   **珍珠奶茶**：發源於台灣的國民飲品，香醇的奶茶中加入Q彈的粉圓，無論是熱喝還是冰鎮飲用，都深受各年齡層喜愛，是台灣最具代表性的手搖飲品之一。"
2026-07-21T14:11:22.959498,mlx,/var/mobile/Containers/Data/Application/9C7792C5-52C5-4D5B-B03B-6CD74C64ABFF/Library/Application Support/Models/mlx/Bbson_gemma-3-4B-T1-it-MLX-4bit,sustained-t286925ms-27,0,552,13.976240391334732,,,140,completed,1850261504,fair,fair,75,75,台灣的夜市文化是庶民生活的縮影，在夜晚燈火通明時，人聲鼎沸、香氣四溢，展現了最道地的台灣味。夜市不僅是美食天堂，更是充滿人情味的社交場所，無論是家庭聚會或朋友相約，都能在這裡找到歡樂與溫暖。若想體驗道地的台灣夜市魅力，絕對不能錯過下列三樣經典小吃：第一，外酥內嫩的「鹽酥雞」；第二，香氣濃郁、口感滑順的「蚵仔煎」；第三，鮮美多汁、甜而不膩的「珍珠奶茶」。
2026-07-21T14:11:39.329058,mlx,/var/mobile/Containers/Data/Application/9C7792C5-52C5-4D5B-B03B-6CD74C64ABFF/Library/Application Support/Models/mlx/Bbson_gemma-3-4B-T1-it-MLX-4bit,sustained-t297497ms-28,0,548,13.844986723985334,,,219,completed,1850048512,fair,fair,75,75,"臺灣的夜市文化是充滿活力的庶民生活縮影，在夜晚的燈火輝映下，各種美食香氣四溢，人們邊走邊吃，展現了獨特的飲食趣味。

**必吃小吃有：**

1.  **蚵仔煎**：新鮮肥美的蚵仔，加上蔬菜，裹上粉漿煎至金黃酥脆，最後淋上特調的甜辣醬汁，口感層次豐富，是臺灣最具代表性的小吃之一。
2.  **臭豆腐**：這是一道讓人又愛又恨的經典美食，無論是外酥內嫩的酥炸臭豆腐搭配酸甜泡菜，或是加入麻辣湯底的滷臭豆腐，其獨特的風味都令人難以忘懷。
3.  **珍珠奶茶**：Q彈的珍珠（粉圓）搭配香濃的奶茶，這款風靡全球的國民飲品，在夜市中當然也是人手一杯的消暑聖品。"
2026-07-21T14:11:59.481422,mlx,/var/mobile/Containers/Data/Application/9C7792C5-52C5-4D5B-B03B-6CD74C64ABFF/Library/Application Support/Models/mlx/Bbson_gemma-3-4B-T1-it-MLX-4bit,sustained-t313866ms-29,0,548,13.723789602571298,,,269,completed,1850163200,fair,fair,75,75,"臺灣的夜市文化是庶民生活的重要一環，不僅是品嚐美食的好去處，更是體驗在地風情的絕佳場所。 臺灣的夜市歷史悠久，最早可追溯至清朝時期，由流動攤販聚集而成，如今已發展成結合美食、購物與娛樂的多元化市集。

在眾多美食中，以下三樣小吃絕對是台灣夜市的經典代表：

1.  **蚵仔煎 (Oyster Omelet)**：這是一道將新鮮蚵仔（牡蠣）與雞蛋、蔬菜一同在鐵板上煎製而成的小吃，口感Q彈，醬汁更是美味的靈魂。
2.  **鹽酥雞 (Salted Crispy Chicken)**：將雞肉切塊後醃漬入味，裹粉油炸至金黃酥脆，通常會搭配炸過的九層塔一同享用，香氣逼人、令人吮指回味。
3.  **珍珠奶茶 (Bubble Tea)**：發源於台灣的珍珠奶茶，是以紅茶、牛奶（或奶精）調製而成，並加入以樹薯粉製成的Q彈粉圓，口感豐富，是台灣最具代表性的飲品之一。"
2026-07-21T14:12:05.340148,mlx,/var/mobile/Containers/Data/Application/9C7792C5-52C5-4D5B-B03B-6CD74C64ABFF/Library/Application Support/Models/mlx/Bbson_gemma-3-4B-T1-it-MLX-4bit,sustained-t334019ms-30,0,552,13.954365453516877,,,74,completed,1850228736,fair,fair,75,75,台灣夜市文化以熱鬧的氛圍和多樣的美食聞名，是當地居民與遊客享受美食和社交的場所。夜市通常從傍晚開始營業，一直持續到深夜，提供各式各樣的特色小吃和娛樂活動。必吃的美味小吃包括蚵仔煎、臭豆腐和珍珠奶茶。
2026-07-21T14:12:36.918471,mlx,/var/mobile/Containers/Data/Application/9C7792C5-52C5-4D5B-B03B-6CD74C64ABFF/Library/Application Support/Models/mlx/Bbson_gemma-3-4B-T1-it-MLX-4bit,sustained-t339878ms-31,0,546,13.60061879592626,,,422,completed,1850490880,fair,fair,75,75,"### 台灣夜市文化：流動的盛宴與庶民的活力

台灣的夜市文化是深入常民生活的獨特風景，它不僅是填飽肚子的美食天堂，更是充滿人情味與活力的社交場所。 傍晚時分，當華燈初上，各地的夜市便開始喧鬧起來，食物的香氣、攤販的叫賣聲與人們的歡笑聲交織成一幅生動的庶民生活圖像。 夜市的魅力在於其「俗擱大碗」的親民價格、源源不絕的創新小吃，以及那份在熱鬧中尋得的自在與溫暖。

**三樣必吃經典小吃：**

1.  **蚵仔煎 (Ō-á-tsian)**：這是最具代表性的台灣小吃之一。新鮮肥美的蚵仔，裹上番薯粉漿，與雞蛋、青菜一同在鐵板上煎得滋滋作響，起鍋前淋上特製的甜辣醬汁，口感Q彈、滋味鮮美，是許多國內外饕客的最愛。

2.  **鹽酥雞 (Iâm-so-ke)**：將雞肉切塊後醃製，裹上特調炸粉，下鍋油炸至金黃酥脆，起鍋後再與九層塔一同爆香。 鹽酥雞通常會搭配炸甜不辣、米血糕、四季豆等各式炸物，香氣逼人，是宵夜或點心的絕佳選擇。

3.  **珍珠奶茶 (Zhen-zhū-nǎi-chá)**：發源於台灣的珍珠奶茶，已成為風靡全球的飲品。 香醇的奶茶搭配Q彈有嚼勁的粉圓，每一口都充滿驚喜，逛夜市人手一杯，消暑解渴，為美食之旅畫下完美句點。"
2026-07-21T14:12:42.964197,mlx,/var/mobile/Containers/Data/Application/9C7792C5-52C5-4D5B-B03B-6CD74C64ABFF/Library/Application Support/Models/mlx/Bbson_gemma-3-4B-T1-it-MLX-4bit,sustained-t371457ms-32,0,539,13.81315885132679,,,76,completed,1850392576,fair,fair,75,75,台灣夜市文化融合了美食、娛樂與社交，是當地居民與遊客體驗在地生活的重要場所。夜市裡人聲鼎沸，攤販叫賣聲此起彼落，充滿活力與熱鬧氣氛。必吃的夜市小吃包括臭豆腐、蚵仔煎和珍珠奶茶，各具特色且深受喜愛。
2026-07-21T14:12:55.214539,mlx,/var/mobile/Containers/Data/Application/9C7792C5-52C5-4D5B-B03B-6CD74C64ABFF/Library/Application Support/Models/mlx/Bbson_gemma-3-4B-T1-it-MLX-4bit,sustained-t377502ms-33,0,561,13.948314222146157,,,163,completed,1850490880,fair,fair,75,75,台灣夜市是庶民文化的縮影，匯集了琳瑯滿目的美食與創新商品。夜市文化起源於日治時期，逐漸演變為結合飲食、娛樂與社交的獨特場域，展現了台灣人熱情與創意。來到夜市，務必品嚐以下三樣經典小吃：第一是「蚵仔煎」，這道海鮮料理以鮮嫩蚵仔、雞蛋和地瓜粉漿煎製而成，口感Q彈；第二是「鹽酥雞」，炸得酥脆的雞肉塊，搭配九層塔香氣，令人難以抗拒；第三是「珍珠奶茶」，這款風靡全球的飲品，在夜市中也有許多獨家口味可供選擇。
2026-07-21T14:13:11.943015,mlx,/var/mobile/Containers/Data/Application/9C7792C5-52C5-4D5B-B03B-6CD74C64ABFF/Library/Application Support/Models/mlx/Bbson_gemma-3-4B-T1-it-MLX-4bit,sustained-t389752ms-34,0,549,13.785855588526212,,,223,completed,1850638336,fair,fair,75,75,"台灣夜市文化是庶民生活的重要一環，結合美食、購物與娛樂，成為在地人與遊客體驗在地風情的熱門去處。 逛夜市不僅能品嚐各式各樣的美味小吃，還能感受到熱鬧的氛圍與濃厚的人情味。

以下推薦三樣不容錯過的台灣夜市經典小吃：

*   **鹽酥雞：** 將雞肉切塊後醃漬，裹上特製炸粉下鍋油炸，起鍋後再撒上胡椒鹽與九層塔，香氣逼人，是台灣最受歡迎的國民小吃之一。
*   **蚵仔煎：** 以新鮮蚵仔、雞蛋和地瓜粉漿一同煎製而成，口感Q彈，搭配特調的甜辣醬汁，風味絕佳。
*   **珍珠奶茶：** 身為台灣最具代表性的飲品，香醇的奶茶搭配Q彈有嚼勁的珍珠，口感豐富，風靡海內外。"
2026-07-21T14:13:22.998476,mlx,/var/mobile/Containers/Data/Application/9C7792C5-52C5-4D5B-B03B-6CD74C64ABFF/Library/Application Support/Models/mlx/Bbson_gemma-3-4B-T1-it-MLX-4bit,sustained-t406480ms-35,0,553,13.810839127535955,,,145,completed,1850851328,fair,fair,75,75,台灣夜市文化以熱鬧的氛圍和多樣的美食聞名，吸引了無數遊客和當地人。夜市不僅是品嚐美食的好去處，也是體驗台灣生活方式的重要場所。來到夜市，千萬不能錯過以下三樣經典小吃：第一是蚵仔煎，這道料理完美結合了海鮮的鮮甜與煎餅的酥脆口感；第二是鹽酥雞，炸得金黃酥脆的雞肉塊，搭配九層塔的香氣，令人垂涎；第三是珍珠奶茶，這款風靡全球的飲品，在夜市中隨處可見，絕對值得一試。
2026-07-21T14:13:29.246271,mlx,/var/mobile/Containers/Data/Application/9C7792C5-52C5-4D5B-B03B-6CD74C64ABFF/Library/Application Support/Models/mlx/Bbson_gemma-3-4B-T1-it-MLX-4bit,sustained-t417536ms-36,0,555,13.710669713482158,,,78,completed,1850687488,fair,serious,75,75,台灣夜市文化是當地居民與遊客體驗在地生活的重要場域，不僅提供多樣化的美食選擇，更融合了傳統技藝與創新元素。在夜市裡，最受歡迎的三樣必吃小吃分別是蚵仔煎、臭豆腐以及珍珠奶茶，這些美食不僅美味，更承載了豐富的地方特色與人文風味。
2026-07-21T14:13:39.147695,mlx,/var/mobile/Containers/Data/Application/9C7792C5-52C5-4D5B-B03B-6CD74C64ABFF/Library/Application Support/Models/mlx/Bbson_gemma-3-4B-T1-it-MLX-4bit,sustained-t423784ms-37,0,558,13.597430406852249,,,127,completed,1853784064,serious,serious,75,75,台灣的夜市文化充滿活力，是體驗在地生活與美食的絕佳去處。從傍晚到深夜，各式攤販聚集，燈火通明，人聲鼎沸，展現了濃厚的人情味。來到夜市，千萬不能錯過以下三樣經典小吃：第一是香氣四溢的鹽酥雞，外酥內嫩，令人一口接一口；第二是Q彈爽口的珍珠奶茶，茶香與奶香完美融合；第三是鮮美多汁的蚵仔煎，融合海味與蛋香，是道地的台灣味。
2026-07-21T14:13:44.379661,mlx,/var/mobile/Containers/Data/Application/9C7792C5-52C5-4D5B-B03B-6CD74C64ABFF/Library/Application Support/Models/mlx/Bbson_gemma-3-4B-T1-it-MLX-4bit,sustained-t433686ms-38,0,566,13.513513513513514,,,63,completed,1854111744,serious,serious,75,75,台灣夜市文化是當地生活的重要部分，吸引了無數國內外遊客。在夜市裡，你可以品嚐到各種令人垂涎的美食，感受熱鬧的氛圍。以下是三樣必吃小吃：鹽酥雞、蚵仔煎和珍珠奶茶。
2026-07-21T14:13:50.338059,mlx,/var/mobile/Containers/Data/Application/9C7792C5-52C5-4D5B-B03B-6CD74C64ABFF/Library/Application Support/Models/mlx/Bbson_gemma-3-4B-T1-it-MLX-4bit,sustained-t438921ms-39,0,551,13.518518518518517,,,73,completed,1854111744,serious,serious,75,75,台灣夜市文化以熱鬧的氛圍、多樣的美食和親切的互動聞名。夜市不僅是品嚐美食的天堂，也是感受台灣人情味的好去處。必吃小吃包括蚵仔煎、雞排和珍珠奶茶，它們各具特色，深受台灣人及遊客喜愛。
2026-07-21T14:13:56.767826,mlx,/var/mobile/Containers/Data/Application/9C7792C5-52C5-4D5B-B03B-6CD74C64ABFF/Library/Application Support/Models/mlx/Bbson_gemma-3-4B-T1-it-MLX-4bit,sustained-t444877ms-40,0,557,13.46514402590762,,,79,completed,1854078976,serious,serious,75,75,台灣夜市文化是當地生活的重要一環，結合了美食、娛樂與社交，展現了獨特的庶民魅力。夜市通常在傍晚開始營業，一直持續到深夜，吸引各式各樣的攤販和人群。來到夜市，你絕對不能錯過蚵仔煎、鹽酥雞和珍珠奶茶這三樣經典小吃。
2026-07-21T14:14:13.132114,mlx,/var/mobile/Containers/Data/Application/9C7792C5-52C5-4D5B-B03B-6CD74C64ABFF/Library/Application Support/Models/mlx/Bbson_gemma-3-4B-T1-it-MLX-4bit,sustained-t451306ms-41,0,571,13.362887903736542,,,211,completed,1854193664,serious,serious,75,75,"台灣夜市文化是當地生活的重要一環,充滿人情味與煙火氣息。夜市不僅是美食天堂,更是體驗台灣庶民文化最直接的地方。從北到南,每個夜市都有自己的特色小吃,吸引無數饕客慕名而來。

必吃小吃推薦:
1. ** 蚵仔煎 **: 台灣最具代表性的小吃之一,新鮮蚵仔搭配 Q 彈粉漿與雞蛋,淋上特製醬汁,口感豐富。
2. ** 大腸包小腸 **: 將烤過的糯米腸切開,夾入台式香腸,搭配蒜頭、酸菜等配料,層次豐富。
3. ** 珍珠奶茶 **: 台灣原創的國民飲品,香醇奶茶搭配 Q 彈珍珠,風靡全球的台灣之光。

這些美食不僅展現了台灣的飲食特色,更反映了在地生活的熱情與創意。"
2026-07-21T14:14:25.491979,mlx,/var/mobile/Containers/Data/Application/9C7792C5-52C5-4D5B-B03B-6CD74C64ABFF/Library/Application Support/Models/mlx/Bbson_gemma-3-4B-T1-it-MLX-4bit,sustained-t467670ms-42,0,571,13.322019516334324,,,157,completed,1854373888,serious,serious,75,75,"台灣夜市文化是庶民生活的重要一環，不僅是品嚐美食的好去處，更是感受在地人情味的地方。以下推薦三樣必吃的夜市小吃： 
1. ** 蚵仔煎 **：新鮮蚵仔搭配蔬菜，淋上特調醬汁，口感軟嫩鮮美。 
2. ** 大腸包小腸 **：炭烤糯米腸包裹台式香腸，搭配蒜片與酸菜，風味獨特。 
3. ** 珍珠奶茶 **：Q 彈珍珠搭配香濃奶茶，是台灣最具代表性的飲品之一。 
這些小吃不僅深受本地人喜愛，也吸引許多國際遊客慕名而來。"
2026-07-21T14:14:31.600979,mlx,/var/mobile/Containers/Data/Application/9C7792C5-52C5-4D5B-B03B-6CD74C64ABFF/Library/Application Support/Models/mlx/Bbson_gemma-3-4B-T1-it-MLX-4bit,sustained-t480033ms-43,0,565,13.364637890554452,,,74,completed,1854636032,serious,serious,75,75,台灣夜市是當地文化的重要象徵之一，融合了美食、娛樂和社交。夜市通常每晚開放，吸引大量人潮，成為居民和遊客共享美食和生活樂趣的場所。必吃小吃包括鹽酥雞、蚵仔煎和珍珠奶茶，這些美食深受本地人和外地遊客喜愛。
2026-07-21T14:15:07.496588,mlx,/var/mobile/Containers/Data/Application/9C7792C5-52C5-4D5B-B03B-6CD74C64ABFF/Library/Application Support/Models/mlx/Bbson_gemma-3-4B-T1-it-MLX-4bit,sustained-t486139ms-44,0,564,13.049508874232174,,,461,completed,1854324736,serious,serious,75,75,"好的，這就為您介紹台灣引以為傲的夜市文化，以及其中必嚐的美味小吃！

### **台灣夜市文化**

台灣夜市是庶民生活的縮影，更被視為台灣文化的櫥窗。 這種充滿活力的市集，從清朝時期的小吃攤聚集，一路演變至今，成為台灣人生活中不可或缺的一部分，也讓無數國際旅客流連忘返。 夜市不僅是品嚐美食的地方，更是一個結合購物、娛樂與社交的休閒場所，處處充滿著此起彼落的叫賣聲、食物的香氣與人們的歡笑聲，展現了最道地、最草根的台灣生命力。

### **必吃三樣夜市小吃**

來到台灣的夜市，絕對不能錯過以下三樣經典美味：

1.  **蚵仔煎 (Oyster Omelette)**：這是最具代表性的台灣小吃之一。新鮮肥美的蚵仔，裹上地瓜粉漿，在鐵板上煎得滋滋作響，起鍋前淋上蛋液，再放上青菜，最後淋上特製的甜辣醬汁，口感Q彈、味道鮮美，每一口都是滿滿的海味。
2.  **鹽酥雞 (Taiwanese Salted Crispy Chicken)**：這是在地人與觀光客都無法抗拒的宵夜首選。 將雞肉切成小塊，醃漬後裹上薄薄的粉漿，下鍋油炸至金黃酥脆，起鍋後再撒上胡椒鹽、辣椒粉，並加入九層塔一同香氣，香氣逼人、外酥內嫩，讓人一口接一口停不下來。
3.  **珍珠奶茶 (Bubble Tea/Pearl Milk Tea)**：發源於台灣的珍珠奶茶，已經風靡全球。 香醇的奶茶中，加入了以樹薯粉製成、口感Q彈的黑色「珍珠」（或稱波霸），每一口都能同時享受到茶香與嚼勁，是來台必喝的國民飲品。"
2026-07-21T14:15:19.186453,mlx,/var/mobile/Containers/Data/Application/9C7792C5-52C5-4D5B-B03B-6CD74C64ABFF/Library/Application Support/Models/mlx/Bbson_gemma-3-4B-T1-it-MLX-4bit,sustained-t522034ms-45,0,588,12.97531086682285,,,144,completed,1854390272,serious,serious,75,75,台灣的夜市文化是當地生活的重要一環，充滿活力與多樣性，融合了美食、購物與娛樂，成為民眾下班後放鬆心情的去處。 台灣夜市的歷史悠久，最早可追溯至清朝時期，隨著時代演變，夜市不僅成為庶民美食的殿堂，也展現了台灣人親切熱情的一面。 來到夜市，千萬不能錯過三大經典小吃：香氣四溢的鹽酥雞、外皮酥脆、內餡多汁的蚵仔煎，以及Q彈軟糯、甜蜜滿分的珍珠奶茶，每一口都是滿足的滋味。
2026-07-21T14:15:25.703226,mlx,/var/mobile/Containers/Data/Application/9C7792C5-52C5-4D5B-B03B-6CD74C64ABFF/Library/Application Support/Models/mlx/Bbson_gemma-3-4B-T1-it-MLX-4bit,sustained-t533728ms-46,0,589,13.175675675675675,,,78,completed,1854406656,serious,serious,75,75,台灣夜市文化充滿活力與趣味，是當地居民與遊客體驗在地生活的重要場域。從街頭巷尾的小吃攤到熱鬧非凡的夜市，展現了台灣人對美食的熱愛與創意。來台灣夜市，你絕對不能錯過蚵仔煎、臭豆腐和珍珠奶茶這三樣經典美味！
2026-07-21T14:15:34.617,mlx,/var/mobile/Containers/Data/Application/9C7792C5-52C5-4D5B-B03B-6CD74C64ABFF/Library/Application Support/Models/mlx/Bbson_gemma-3-4B-T1-it-MLX-4bit,sustained-t540246ms-47,0,593,12.993262752646777,,,108,completed,1854488576,serious,serious,75,70,台灣夜市是庶民文化的縮影，融合飲食、購物與社交於一體，常見於傍晚開張至深夜的熱鬧市集。必嘗小吃包含 ** 蚵仔煎 **（鮮蚵與蛋液結合的鐵板煎餅）、** 大腸包小腸 **（炭烤糯米腸包裹台式香腸）及 ** 珍珠奶茶 **（Q 彈粉圓搭配奶茶的經典飲品），充分展現台灣夜市的在地風味。
2026-07-21T14:15:41.877429,mlx,/var/mobile/Containers/Data/Application/9C7792C5-52C5-4D5B-B03B-6CD74C64ABFF/Library/Application Support/Models/mlx/Bbson_gemma-3-4B-T1-it-MLX-4bit,sustained-t549155ms-48,0,606,13.080739738385205,,,87,completed,1854423040,serious,serious,70,70,台灣夜市文化是當地生活的重要一環，充滿了琳瑯滿目的美食和熱鬧的人潮，讓人感受到濃厚的在地氛圍。其中必吃的夜市小吃包括蚵仔煎、臭豆腐和珍珠奶茶，這些美味小吃深受本地人與遊客的喜愛。夜市不僅是品嚐美食的天堂，也是體驗台灣文化與人情味的好去處。
2026-07-21T14:15:51.993433,mlx,/var/mobile/Containers/Data/Application/9C7792C5-52C5-4D5B-B03B-6CD74C64ABFF/Library/Application Support/Models/mlx/Bbson_gemma-3-4B-T1-it-MLX-4bit,sustained-t556415ms-49,0,572,12.997903563941302,,,124,completed,1854439424,serious,serious,70,70,台灣夜市文化是台灣獨特的飲食與生活文化，展現了庶民生活的熱情與多樣性。夜市不僅是品嚐小吃的天堂，也是感受台灣人情味的好去處。以下推薦三樣必吃小吃：1. 蚵仔煎——以新鮮蚵仔搭配蛋液煎製而成，口感滑嫩；2. 鹽酥雞——炸得酥脆的雞肉塊，香氣四溢；3. 珍珠奶茶——Q彈的珍珠搭配香濃奶茶，是台灣的代表性飲品。
2026-07-21T14:16:06.378393,mlx,/var/mobile/Containers/Data/Application/9C7792C5-52C5-4D5B-B03B-6CD74C64ABFF/Library/Application Support/Models/mlx/Bbson_gemma-3-4B-T1-it-MLX-4bit,sustained-t566536ms-50,0,609,12.928529924462522,,,178,completed,1854734336,serious,serious,70,70,"台灣夜市文化是獨具特色的在地生活縮影，展現庶民活力的同時也反映移民社會的融合性。 
** 必吃小吃 ** 
1. ** 大腸包小腸 **：炭烤糯米腸包裹台式香腸，搭配蒜片、酸菜與花生粉，鹹甜交織的街頭美味 
2. ** 蚵仔煎 **：新鮮蚵仔與青菜在鐵板煎至金黃，淋上甜辣醬，展現沿海飲食特色 
3. ** 地瓜球 **：現炸 QQ 球體外酥內軟，金黃色澤下隱藏古早味，常見排隊人潮 

這些銅板美食不僅是味覺饗宴，更是體驗台灣人情與夜市社交功能的文化載體。"
2026-07-21T14:16:12.748418,mlx,/var/mobile/Containers/Data/Application/9C7792C5-52C5-4D5B-B03B-6CD74C64ABFF/Library/Application Support/Models/mlx/Bbson_gemma-3-4B-T1-it-MLX-4bit,sustained-t580917ms-51,0,581,12.966804979253112,,,75,completed,1854947328,serious,serious,70,70,台灣夜市文化以熱鬧的氛圍和多樣的美食聞名，是當地居民與遊客享受美食和社交的場所。在夜市中，你可以品嚐到各式各樣的小吃，例如臭豆腐、蚵仔煎和珍珠奶茶。這些小吃不僅美味，還充分展現了台灣夜市的特色。
2026-07-21T14:16:28.940199,mlx,/var/mobile/Containers/Data/Application/9C7792C5-52C5-4D5B-B03B-6CD74C64ABFF/Library/Application Support/Models/mlx/Bbson_gemma-3-4B-T1-it-MLX-4bit,sustained-t587286ms-52,0,593,12.888746393074703,,,201,completed,1854898176,serious,serious,70,70,"臺灣的夜市文化融合了地方特色與庶民生活，是體驗在地文化的重要場域。夜市裡人聲鼎沸，充滿各式各樣的美食與遊戲，展現了臺灣人的熱情與創意。以下推薦三樣必吃小吃：

1. **鹽酥雞**：這是一道經典的夜市炸物，將雞肉切成小塊後裹粉油炸，再撒上胡椒鹽和九層塔，香氣四溢。
2. **蚵仔煎**：這道料理以新鮮的蚵仔（牡蠣）為主角，搭配蔬菜和地瓜粉漿煎成，外皮酥脆，內餡滑嫩，口感豐富。
3. **珍珠奶茶**：這款風靡全球的飲品，在臺灣夜市中更是不可或缺，以濃郁的奶香和Q彈的珍珠為特色，是解渴的最佳選擇。"
